trade_date,foreign_net,investment_trust_net,dealer_net,foreign_futures_long,foreign_futures_short,foreign_futures_net,margin_balance,margin_change,short_balance,short_change
2025-08-05,11487780180,3666838413,4525435064,22761,58090,-35329,235386924,1976483,238525,4649
2025-08-06,-10820572461,1809040245,-2486144952,20044,56424,-36380,236036183,649284,242672,4147
2025-08-07,43239484056,1116606178,5518650529,24437,59226,-34789,237514928,1478421,250712,8040
2025-08-08,-3256238186,-1861859628,1292549715,21099,58689,-37590,238613969,1099831,251486,776
2025-08-11,-3985502559,428896562,3574496743,21672,57247,-35575,242509549,3892889,254595,3109
2025-08-12,-5731106152,-61610845,478638979,21633,56935,-35302,243266443,756894,262015,7420
2025-08-13,7036580411,-1502399863,2877054062,22724,56294,-33570,242383930,-882483,262196,181
2025-08-14,-4460109509,-2045083709,3884184380,21900,56279,-34379,245037336,2655348,265817,3621
2025-08-15,5373846115,-3356859132,2575066671,20968,55175,-34207,248323607,3284329,273209,7392
2025-08-18,4638950093,1731672993,7867966,26199,55825,-29626,249893217,1569394,282409,9200
2025-08-19,-11007665546,-1642414216,-6109036859,27019,59652,-32633,250196431,303214,280314,-2095
2025-08-20,-62668571933,-2734736666,-3624829038,17105,52248,-35143,248938691,-1257740,259187,-21127
2025-08-21,-10078910548,1604056355,2406528593,19173,49560,-30387,251706436,2767745,264293,5106
2025-08-22,-16397993687,-1163084639,-1027445143,21716,48451,-26735,251544566,-161870,264434,151
2025-08-25,24114791914,3231606250,5733999926,21711,47320,-25609,253933965,2389399,283199,18765
2025-08-26,-14508100864,-2425226828,3323825855,20592,47724,-27132,255260819,1326854,290776,7577
2025-08-27,-1947570889,-1647591422,11064706383,22813,47584,-24771,258305814,3044995,284183,-6593
2025-08-28,-9520531049,-2760035692,-1348886999,21168,47255,-26087,260232173,1926359,283860,-323
2025-08-29,-8635002338,-335109173,333746492,21342,47651,-26309,262327206,2095033,287081,3221
2025-09-01,-7666900296,-3059842787,-10867114741,21375,48039,-26664,259146921,-3180285,284097,-2984
2025-09-02,7786239530,-6102683470,-586657105,23319,47614,-24295,259012511,-134410,274300,-9797
2025-09-03,8199762036,-637699825,2420808288,23273,48061,-24788,261032905,2020378,284995,10695
2025-09-04,11808136125,-1545453579,1371151322,23910,47413,-23503,261541660,508826,277151,-7844
2025-09-05,28281116909,-433975608,5177669421,25250,46554,-21304,264481986,2940326,283235,6084
2025-09-08,14618525216,-1220126071,2598212260,25384,47383,-21999,266510445,2008326,278076,-5159
2025-09-09,35653694959,-1782067231,4655266115,28521,47313,-18792,267537039,1026594,282463,4387
2025-09-10,48947944283,-2727385240,11453485300,32440,50253,-17813,269963070,2426715,286959,4496
2025-09-11,32999661731,-6271656501,1773285798,35061,51378,-16317,265854797,-4108273,290002,3043
2025-09-12,26538500007,-5810072034,4941993693,33002,51560,-18558,265614897,-239900,297663,7661
2025-09-15,2546248589,-8246829092,996743279,31187,50083,-18896,264210665,-1404207,294399,-3264
2025-09-16,27003531062,-4513790695,1101546303,30363,48607,-18244,265856690,1646025,298612,4213
2025-09-17,-5734012058,-5314277279,-586369846,24198,43060,-18862,264869230,-987460,319329,20717
2025-09-18,12153720716,-4987795065,10062482611,25411,43963,-18552,266808583,1939299,333640,14311
2025-09-19,-15745036443,-1937327805,5414707124,26660,44263,-17603,268834779,2026196,336185,2544
2025-09-22,-6650808558,-5264117265,7763768812,25588,42827,-17239,272458389,3623610,315671,-20514
2025-09-23,10638719207,-1569628564,3205508461,26491,42691,-16200,272801313,342924,313214,-2457
2025-09-24,-12950186461,-8566887088,6951114347,23983,43900,-19917,274650726,1849413,317483,4269
2025-09-25,106720086,-1741264243,7017372982,22398,44177,-21779,275265205,614479,331781,14298
2025-09-26,-25157852509,-5652013477,-4525692203,20928,46047,-25119,271547451,-3717754,303853,-27928
2025-09-30,6550967708,696563422,5994898226,22485,44415,-21930,275429759,3882315,303356,-497
2025-10-01,12664964009,633133899,3297003911,21328,43677,-22349,276237290,808131,306765,3409
2025-10-02,23409818512,237157488,8823012020,21563,44750,-23187,278985046,2748191,324331,17566
2025-10-03,16959990133,-1689575342,6050341267,23773,44625,-20852,281879929,2894883,324129,-202
2025-10-07,676562801,-6712400915,11367965340,23925,47626,-23701,283226480,1346567,343649,19520
2025-10-08,-14094387269,-4346217344,3125885776,19719,50124,-30405,283589136,362665,323322,-20327
2025-10-09,4451256397,-2371509167,6033295063,23216,51968,-28752,285612707,2023459,328558,5236
2025-10-13,-56312754939,-727586554,-10807071417,19592,52653,-33061,283166811,-2445896,311917,-16641
2025-10-14,-16348769283,-1875833093,-6248507878,20750,48194,-27444,275345144,-7821665,308532,-3385
2025-10-15,-15100216875,-1037201550,3177280148,19516,41187,-21671,280251490,4906346,307921,-611
2025-10-16,12959197265,200305686,10611204633,19964,41999,-22035,285280494,5029004,315616,7695
2025-10-17,-21997157761,-5764756289,-3855028422,16979,42565,-25586,285198688,-81658,325180,9564
2025-10-20,14222590437,-2992595188,5873713719,17104,42355,-25251,289524473,4325785,331465,6285
2025-10-21,-240714297,-3889235937,8554849944,18684,41966,-23282,290984087,1459614,321838,-9627
2025-10-22,-22407410493,-2306397931,2750619314,16010,42105,-26095,292885334,1901247,322632,794
2025-10-23,-23942493081,-1100436637,249528620,16016,40323,-24307,292588808,-296526,324455,1823
2025-10-27,32639212655,-3045273794,21567895025,17910,42121,-24211,295984232,3395424,331665,7210
2025-10-28,-27113846791,618383184,2534608111,16317,43771,-27454,296373285,389053,334610,2945
2025-10-29,7188118436,-4813902331,8613137795,18655,43076,-24421,300589167,4215882,335286,676
2025-10-30,1655522597,-5433478960,473652176,18258,43004,-24746,298392447,-2196720,334100,-1186
2025-10-31,-28396614914,-3478817647,7481409020,19663,42599,-22936,301750958,3358512,311904,-22196
2025-11-03,-8445597152,-24999420,-4493283,17236,45116,-27880,304336086,2585150,314491,2587
2025-11-04,-7631187320,3644389392,-6840707173,16846,44688,-27842,300318118,-4017968,301739,-12752
2025-11-05,-57527398939,-1402487077,-6161215440,15145,47233,-32088,302885861,2567743,303225,1486
2025-11-06,-5161228109,2713254081,4390237447,17162,47079,-29917,307908099,5022238,312191,8966
2025-11-07,-35356498169,-1389320008,-10584156767,16556,47376,-30820,307760690,-148428,308212,-3979
2025-11-10,-5291526198,3037382623,3706517573,17333,47922,-30589,310128798,2368087,309906,1694
2025-11-11,-17367623754,2337032235,-4786115119,17165,48695,-31530,309815189,-312577,315817,5911
2025-11-12,-8484304834,-2448349841,3437700300,19241,49205,-29964,312952699,3137488,324867,9050
2025-11-13,-6635665606,-972024239,1589238899,18387,49901,-31514,313950396,997697,317639,-7228
2025-11-14,-60399178503,-4741432411,-18839255538,18329,52924,-34595,311008013,-2942383,310379,-7260
2025-11-17,7335242780,-8695463296,-14699345762,19298,50824,-31526,311090494,82481,316994,6615
2025-11-18,-48537891970,-3190317648,-19141988967,16232,51279,-35047,306328571,-4761923,321575,4581
2025-11-19,-25689012839,1075226767,-8068015510,15392,46439,-31047,306204612,-123937,310568,-11007
2025-11-20,13106672651,1342394479,5526616773,18243,42410,-24167,309665154,3460542,312978,2410
2025-11-21,-91599036019,-1023771260,-15273985905,15579,48787,-33208,303707617,-5957537,307097,-5881
2025-11-24,-29955849627,-688614563,1515241196,17426,48612,-31186,306380271,2672631,302711,-4384
2025-11-25,6338446345,-2034450321,2910545015,17872,47576,-29704,311368884,4988752,306282,3571
2025-11-26,12422608882,12021952422,-1702727350,19514,48171,-28657,311060645,-308239,294521,-11761
2025-11-27,13452960146,7645285077,2931793576,19133,47094,-27961,314005988,2945583,302274,7753
2025-11-28,-19469555406,4846350911,11699486639,20704,47025,-26321,317182219,3176231,303194,920
2025-12-01,-24349235260,7669838520,-2190365967,18268,47300,-29032,319360271,2178052,301654,-1540
2025-12-02,13575293316,1324853968,3442989139,18502,46865,-28363,319737013,376742,305582,3928
2025-12-03,16214806020,1404423040,3864197913,18808,48032,-29224,321425021,1687958,302856,-2726
2025-12-04,10345999632,-651930842,1305565610,19214,48653,-29439,322826443,1401422,299991,-2865
2025-12-05,36878028912,-505387079,5648880587,21744,48567,-26823,322916644,90201,303648,3657
2025-12-08,14087614446,150345516,4963908588,22295,49758,-27463,324739391,1822785,310486,6838
2025-12-09,-5888471251,-606058974,2120928550,20194,51621,-31427,326884262,2145215,313708,3222
2025-12-10,19607451411,1839673496,5261422253,21765,50394,-28629,327694562,810306,303179,-10529
2025-12-11,-18976810065,2101997667,-2489201839,21050,52058,-31008,326671838,-1022724,307829,4650
2025-12-12,16623924500,1347533033,7421292106,22121,51153,-29032,329349582,2677744,307405,-424
2025-12-15,-48994972132,-2123208168,-3655615199,20312,53998,-33686,331859338,2509756,304195,-3210
2025-12-16,-59500908751,3631124945,-14923972559,17364,51577,-34213,328789479,-3069859,296807,-7387
2025-12-17,-35433545584,797557087,10991187292,16177,45209,-29032,332174898,3385419,302030,5223
2025-12-18,-26841406358,3746563648,7134767014,16867,45598,-28731,332380151,205253,300546,-1484
2025-12-19,-124354784,4348688134,7539326612,20240,44668,-24428,333308741,928590,301842,1296
2025-12-22,22621542928,1119460399,15830505209,20106,45958,-25852,335196079,1887342,281725,-20117
2025-12-23,-8174762559,1794857858,8136437179,20004,45445,-25441,337588452,2392373,279705,-2020
2025-12-24,-3801817255,-4704776318,9796586860,21338,45822,-24484,338902814,1314362,290092,10387
2025-12-26,8417223242,-5255128057,6529514026,22479,45955,-23476,340337126,1434312,305768,15676
2025-12-29,9509908064,-1306980775,6818662297,24408,46581,-22173,339886882,-450300,306845,1077
2025-12-30,4472379809,-4081305493,2210290672,21047,47306,-26259,341367756,1480874,312563,5718
2025-12-31,-518748905,-2874154596,-3362385126,20994,46053,-25059,343409624,2041927,313936,1373
2026-01-02,12017853596,-4190433088,11235707441,23061,46215,-23154,346634298,3224674,325390,11454
2026-01-05,-7643473164,-311010683,10749337957,23747,48848,-25101,350948272,4314949,327346,1956
2026-01-06,2841412934,-2779282421,9197879871,21970,51490,-29520,354549156,3600884,353904,26558
2026-01-07,-29509905222,-8213565376,2278790510,22073,51495,-29422,357058834,2508418,344163,-9741
2026-01-08,-678489220,-5533429874,-5275896688,22422,48469,-26047,352387558,-4671276,341763,-2400
2026-01-09,-8442363369,-4728599177,1948437362,22795,49378,-26583,351492667,-894984,317258,-24505
2026-01-12,-12166567091,-10000119015,7671586285,23261,50153,-26892,356489999,4997407,319182,1924
2026-01-13,15741315371,-6772933457,3870571836,23109,53226,-30117,355638826,-851213,326559,7377
2026-01-14,13282502115,-6511675220,7113098768,23313,57270,-33957,358452806,2813980,323345,-3214
2026-01-15,-210224483,-2779111513,-5843268259,23635,58765,-35130,359299228,846422,337855,14510
2026-01-16,39916564467,-7719604109,5054434102,26095,59344,-33249,363391797,4092569,321614,-16241
2026-01-19,-27794762468,-13122703996,-5300507794,22781,56507,-33726,369415656,6023859,315084,-6530
2026-01-20,-3983496875,-8799345593,-2931907087,21969,54644,-32675,371225738,1810082,312100,-2984
2026-01-21,-44568289093,-17508438068,-15560522274,20490,44963,-24473,367750150,-3475588,313098,998
2026-01-22,19278125481,-1918073606,7042295015,20380,44673,-24293,371734427,3989178,311678,-1406
2026-01-23,23208504577,-837591190,4687425919,21267,43933,-22666,376076978,4342554,297936,-13742
2026-01-26,-1492774680,-4126731033,-3321537471,17833,44360,-26527,381580658,5503680,305432,7493
2026-01-27,22278875956,-5018348773,5315618657,19233,44551,-25318,382728015,1147357,299727,-5705
2026-01-28,33275865867,-1387712336,-1846811846,18558,46490,-27932,384920473,2192308,304760,5033
2026-01-29,14659217084,-2959104359,-13416003792,17591,50293,-32702,381778070,-3142403,306268,1508
2026-01-30,-51239194984,-3302144713,-9392862410,17509,50179,-32670,383893252,2115182,287422,-18846
2026-02-02,-48050347608,4953294385,-10497749268,21490,49163,-27673,378848321,-5044912,280570,-6852
2026-02-03,7267812207,10617248361,-6891888982,22831,49327,-26496,382125198,3276877,265859,-14711
2026-02-04,12066044162,5820723412,-1669592243,22837,48536,-25699,384045976,1920778,277182,11322
2026-02-05,-72694499199,3159777411,-20876911640,23294,50037,-26743,382917747,-1128229,266707,-10475
2026-02-06,-7152994630,6763863326,-18886144763,22080,47182,-25102,373990690,-8927045,262264,-4443
2026-02-09,24768616529,895780272,10677765292,24970,48555,-23585,375470000,1479310,259988,-2276
2026-02-10,55710830864,4665630350,2827656480,29343,54227,-24884,372586424,-2883576,250124,-9864
2026-02-11,52360064736,4093084962,1372730210,29426,57091,-27665,368046780,-4539617,248353,-1771
2026-02-23,8352180152,-1997231922,-11472072497,20336,51188,-30852,372155937,4657866,256025,7947
2026-02-24,62733556548,6159076294,15348667147,23438,52810,-29372,377495245,5339308,281590,25565
2026-02-25,41148172059,5120184290,-3830386664,22000,57753,-35753,383127012,5631767,274435,-7155
2026-02-26,-10563922762,-1058302674,-1798563098,21917,58085,-36168,389861168,6734210,274755,320
2026-03-02,-38988677076,8321507628,-12547078537,18093,59367,-41274,391622964,1761796,254829,-19926
2026-03-03,-94708130956,3922050289,-24716371584,19351,59772,-40421,384358166,-7164798,244733,-10096
2026-03-04,-96615044471,6764037949,-40002593641,19134,60767,-41633,376616380,-7741710,221942,-22791
2026-03-05,-51495123598,14467455481,-8774506022,15797,56931,-41134,379166593,2550225,225312,3370
2026-03-06,-35236485371,7123296274,-748120460,16819,55749,-38930,382683605,3517022,226071,759
2026-03-09,-120817164664,13571184696,-58638707129,13164,53626,-40462,371960474,-10723111,262599,36528
2026-03-10,-25085977065,13059184019,-3466374656,14595,51451,-36856,368236339,-3724135,252919,-9680
2026-03-11,37180947646,4054142287,10774365760,14944,55902,-40958,376148010,7911683,243326,-9593
2026-03-12,-71127587063,-751989349,-9197027060,12194,55258,-43064,379366977,3219040,240283,-3043
2026-03-13,-58017304543,-43705864,-9281221622,12916,53263,-40347,385446747,6079770,238290,-1993
2026-03-16,-43825438238,324836504,-3429648744,13733,52245,-38512,392284076,6837329,223950,-14340
2026-03-17,472382101,205793712,9095273960,16754,52912,-36158,393467031,1182955,215077,-8873
2026-03-18,9020754435,-288069117,9963133604,13055,47604,-34549,399772079,6305047,204948,-10129
2026-03-19,-90947630537,-346138360,-11133581065,9789,50614,-40825,402095986,2323907,193579,-11369
2026-03-20,-40311039107,1057706848,-10104918151,10562,46928,-36366,398591129,-3504857,163036,-30543
2026-03-23,-83922601792,10534823636,-31111668742,8931,46648,-37717,393333803,-5257265,146205,-16831
2026-03-24,-12305739413,2379609569,-10484581290,10873,44981,-34108,390102627,-3231132,146556,351
2026-03-25,37474763788,1158480690,13142380223,9961,45908,-35947,395499028,5396401,147325,769
2026-03-26,-7920352703,4743193007,3294779493,10102,47167,-37065,391136615,-4362409,150507,3182
2026-03-27,-36355548400,-188001279,-1795380199,8029,47948,-39919,393722769,2586300,157058,6551
2026-03-30,-63936723763,3206518834,-13398676874,8986,46268,-37282,392708646,-1014123,168978,11920
2026-03-31,-80745514607,3203576857,-21016682536,10045,47259,-37214,381724855,-10983779,175331,6353
2026-04-01,23251318053,10138534820,21619633328,14923,46296,-31373,384907899,3183044,173584,-1747
2026-04-02,-38695561840,8424381929,-6988539906,11742,46597,-34855,385200709,-707225,170164,-3420
2026-04-07,10096606744,4356643821,7032785481,14038,45388,-31350,387735006,3534297,171413,1249
2026-04-08,117772619736,4720132160,35867997248,14559,47037,-32478,394820817,7086459,153451,-17962
2026-04-09,31779629982,1356987590,6195953627,13893,47292,-33399,396518145,1184293,151715,166
2026-04-10,28808271208,-4301105584,12258155838,13115,47518,-34403,401240705,4722564,146909,-4806
2026-04-13,-16178656824,6049522946,3988528747,15086,51082,-35996,408651307,7410602,154475,7566
2026-04-14,68907903398,-5997892900,5520697751,16327,52991,-36664,414955067,6303760,166394,11919
2026-04-15,55350193810,-8893858129,-5031206313,16346,53129,-36783,416253785,1265608,184653,18242
2026-04-16,44007512110,-2741888881,11845452957,16924,56607,-39683,422408757,6154971,178392,-6261
2026-04-17,-2039543335,-8402959512,-3564853588,18245,59396,-41151,427120349,4711607,183334,4942
2026-04-20,4346379017,-2031088234,-4842483699,18280,60898,-42618,429830661,2709873,187883,4549
2026-04-21,60153727909,8059253703,-713385552,20082,61377,-41295,433163894,3333942,190397,2514
2026-04-22,11609397320,3713321157,738013793,19557,62112,-42555,438545241,5381347,185944,-4453
2026-04-23,-2754993997,1356182124,-19190453441,18185,62212,-44027,430827021,-7718220,187872,1928
2026-04-24,43907871828,2217080841,8878366186,20056,60689,-40633,440907083,10081358,190811,2945
2026-04-27,-51196158919,14501538803,-10542927790,18523,62746,-44223,452044394,11137311,192285,1474
2026-04-28,-39298034950,5641669506,351644222,17922,63791,-45869,457109757,5065363,197612,5327
2026-04-29,-48147448725,2128326015,-1599118631,18063,65137,-47074,460963803,3851006,197420,-193
2026-04-30,-53561725108,1083212776,-788869584,19569,63613,-44044,460904578,-70226,206703,9283
2026-05-04,66975700753,2028457546,8940601136,21596,65100,-43504,470393584,9487985,214787,8084
2026-05-05,3990267133,3726924984,-10087243816,20156,68843,-48687,475145292,4755657,203730,-11057
2026-05-06,75104907794,1521231925,-9610610632,19078,70045,-50967,475648471,503179,201385,-2345
2026-05-07,46411526570,15052328712,-4142266447,20333,71465,-51132,482664170,7015699,201712,327
2026-05-08,-12084537571,1957298675,-10036729717,20593,75123,-54530,477184758,-5479412,205035,3323
2026-05-11,-10983504002,12488284112,3730314797,21382,75607,-54225,484592746,7407988,211317,6282
2026-05-12,-30493779941,38317065036,-20663582188,22285,75357,-53072,491194951,6602205,211972,655
2026-05-13,-43429473975,26061631805,-30266247259,22098,74858,-52760,494418035,3223189,228157,16185
2026-05-14,4542624703,14296112792,-1262729720,22401,73469,-51068,499134844,4716809,229030,873
2026-05-15,-10426586381,-1367237707,-24943483026,20970,71933,-50963,492797137,-6337746,231677,2647
2026-05-18,-45240962622,16664751995,-13926385802,21791,66787,-44996,501619604,8822467,239437,7760
2026-05-19,-63234953627,8166572955,-22351525432,21448,66824,-45376,496887083,-4732521,239205,-232
2026-05-20,-46620615982,10208758587,-19569931578,18699,61443,-42744,502079185,5192268,244522,5317
2026-05-21,60340682960,5380299112,19596093032,17834,62288,-44454,511154475,9074986,262407,17885
2026-05-22,76136532653,11225786560,19476325868,16747,63230,-46483,522289307,11134832,257442,-4965
2026-05-25,49459164170,8414059954,6887667131,16232,67690,-51458,530476074,8186223,232580,-24862
2026-05-26,35436395452,5382159791,4909963972,15813,70204,-54391,534592623,4116549,228387,-4193
2026-05-27,38127903304,-4219051039,-3130647620,15979,72281,-56302,536269185,1676453,241621,13234
2026-05-28,-38136681812,-6206044668,-15038347857,16585,74781,-58196,535029538,-1239647,248097,6476
2026-05-29,80145461140,7018067618,15607209549,15766,76416,-60650,556359646,21333882,241804,-6293
2026-06-01,36817371952,7758630147,-6508599147,16134,80807,-64673,565779103,9418797,234867,-6937
2026-06-02,10842948180,2820321473,-15768188108,15432,82450,-67018,566970793,1191690,260047,25180
2026-06-03,43396335647,5551570132,2596766242,15473,82245,-66772,568395323,1426403,259795,-252
2026-06-04,-75685430944,4169222789,-21366533747,15138,84614,-69476,572635940,4240761,269861,10067
2026-06-05,-82631158863,1620186439,-28430714775,12857,82003,-69146,566649267,-5986222,260933,-8928
2026-06-08,-93851546891,8775725700,-49146842947,11990,77491,-65501,551012201,-15636673,237429,-23615
2026-06-09,-91733415946,23283537434,-6691674226,9344,71215,-61871,563876896,12864695,216203,-21226
2026-06-10,-93573711945,16696218878,-40551493313,9129,71078,-61949,546811625,-17065271,219750,3547
2026-06-11,-35779281338,13244775137,-12400160730,8969,72137,-63168,549176982,2364513,224344,4594
2026-06-12,28690268352,14233248854,8942532337,9318,74357,-65039,557027949,7850967,224946,602
2026-06-15,46531920437,6443965719,12523717107,12920,79654,-66734,571907094,14879145,205177,-19769
2026-06-16,40798197749,11823660943,6088769903,11803,81650,-69847,571307649,-597204,194525,-10652
2026-06-17,-20683737771,-206062001,-4268862356,9996,77390,-67394,583911936,12604287,191375,-3150
2026-06-18,21146738929,-5356809071,15488273119,10085,78422,-68337,593046547,8286419,204357,12318
2026-06-22,68457583377,-10517908392,12103769330,11004,81294,-70290,605041591,11995499,202267,-2090
2026-06-23,-38592352641,7235957802,-16984151224,10506,87008,-76502,593929137,-11112849,204255,1988
2026-06-24,-177403206868,3299888081,-36486399618,7263,90868,-83605,607456271,13526247,202194,-2061
2026-06-25,-40510043503,17416589807,-7001006444,6034,87085,-81051,611000560,3544289,199161,-3033
2026-06-26,-143189215451,10103297351,-70733812660,7493,83884,-76391,590925882,-20074678,203932,4771
2026-06-29,-4336207557,14519080129,-4592887685,7494,84121,-76627,594229687,3303170,205287,1355
2026-06-30,-508728992,365126892,14585072281,5391,88454,-83063,611652207,17422520,194887,-10400
2026-07-01,32375599806,15602734212,5938476317,5526,89694,-84168,609502407,-2149800,196392,1505
2026-07-02,-89046513677,9955637650,-4328242082,4770,89257,-84487,620837289,11334882,200271,3879
2026-07-03,-77782612615,7502170019,-3259588256,6178,87230,-81052,630812485,9975196,200370,99
2026-07-06,-25504496320,7163451017,-9721009272,6297,86384,-80087,631344856,527489,209010,8640
2026-07-07,-54731070648,9682759752,-48733477692,6562,86604,-80042,610945256,-20399600,213844,4834
2026-07-08,-37948987989,12680292684,-16942740236,5632,86900,-81268,613815725,2870483,205830,-8014
2026-07-09,-47252816429,19900600663,-7671165811,6562,87292,-80730,619648244,5832522,203714,-2116
2026-07-13,-19559763888,12578555606,-11098303301,10564,91630,-81066,618299040,-1349204,203238,-476
2026-07-14,-51892812507,11001561256,-38291146262,10732,94122,-83390,604034106,-14265952,180712,-22526
2026-07-15,-1415388772,12536287746,10126103647,7319,86876,-79557,615368175,11334241,173131,-7581
2026-07-16,-48334970779,8645131851,-3357605729,5895,90348,-84453,615575992,187208,176622,3489
2026-07-17,-188314549057,7347365087,-82179494166,6867,93056,-86189,587962513,-27613479,236300,59678
2026-07-20,-6083677676,16321796929,-8064443489,10496,88833,-78337,569035788,-18927354,210862,-25438
2026-07-21,-4331862847,17113931143,3507395188,9379,87869,-78490,576496237,7460857,212614,1752
2026-07-22,17343992601,18902892146,-2397995157,8455,85050,-76595,582823505,6327293,206549,-6065
2026-07-23,6957913275,7370034536,4193904768,8155,83353,-75198,582626351,-197325,208647,2098
2026-07-24,-60950489295,4763491262,-11151495033,7107,83367,-76260,577059537,-5566812,204754,-3892
2026-07-27,8040249858,481268077,-7856984424,6870,85569,-78699,568663454,-8395884,186233,-18521
2026-07-28,-87484625299,1611819893,-31729733512,7401,89656,-82255,545534811,-23128597,219259,33026
2026-07-29,-22251858551,5705652231,-18599014431,11982,94767,-82785,507011173,-38522472,217485,-1774
2026-07-30,-48311819675,13997412733,-15226533793,13822,94839,-81017,493867294,-13142723,204214,-13271
2026-07-31,67553825161,36020110243,-16259524590,12704,95219,-82515,507462771,13596988,188324,-15890
2026-08-03,-19190915634,23324680573,-20653372342,9876,99914,-90038,514755393,7292622,185322,-3002
2026-08-04,-5731532826,27165160060,-19428736709,8626,96484,-87858,521134665,6379312,196970,11648
2026-08-05,90308325824,11266142456,1456667142,9180,96379,-87199,523492321,2357656,197222,252
2026-08-06,2019818140,9408386624,-6312818587,8953,98336,-89383,532804981,9312660,191897,-5306
2026-08-07,-40715743790,-1201721402,-968071874,8321,96232,-87911,537664510,4859529,192740,843
2026-08-10,51740515132,3401069421,18468154345,9346,98547,-89201,545295561,7631051,202632,9892
2026-08-11,22328683295,3224067733,2460139602,9385,98309,-88924,544151977,-1143584,204819,2187
2026-08-12,11020811994,2276272699,8700668735,10937,97570,-86633,548083912,3931935,201947,-2872
2026-08-13,75694516575,-1501738285,15060751405,12073,98322,-86249,549780654,1696742,214046,12099
2026-08-14,45351330421,7972599882,-1661188109,12934,98113,-85179,547059318,-2721336,222827,8781
2026-08-17,45447285026,-17776851185,1405302916,14587,98061,-83474,550101672,3042354,218218,-4609
2026-08-18,-11985811420,3827137607,-17607142501,16996,100074,-83078,547011379,-3090293,204455,-13763
2026-08-19,-41639443960,-16600943399,-17118292502,6692,88193,-81501,548190238,1178384,188334,-16121
2026-08-20,7317634368,-2047675577,-6108210297,6959,89382,-82423,548407625,217387,197390,9056
2026-08-21,28305420985,2101463111,2922567651,6735,89329,-82594,546939322,-1468412,199998,2608
2026-08-24,-15736131327,3054816594,-4332592182,6842,89371,-82529,545259430,-1679894,201513,1515
2026-08-25,-786583259,-3983977063,60028122,5030,90410,-85380,546937698,1678111,200504,-1009
2026-08-26,36613190609,3365808527,17933721899,8657,92311,-83654,554802585,7864887,206809,6305
2026-08-27,49094206617,-1450398707,15035176170,6963,91799,-84836,559918784,5116199,210591,3782
2026-08-28,41754101187,-196545900,4270700165,8732,92387,-83655,567177536,7258752,213833,3242
2026-08-31,-14392343862,-4000432118,-7452957610,8105,91075,-82970,569876911,2699375,217718,3885
2026-09-01,26707598883,13600256976,16329538791,9797,88503,-78706,578115458,8238555,220835,3117
2026-09-02,-91354536093,-3527707423,-20361619368,6686,92015,-85329,585675285,7559827,214315,-6520
